Nike	null	NONE	A video of a Nike sneaker.	NONE
Nike	generic	sneaker	A video of a Nike sneaker.	A video of a sneaker.
Nike	rival	Adidas sneaker	A video of a Nike sneaker.	A video of an Adidas sneaker.
Adidas	null	NONE	A video of an Adidas sneaker.	NONE
Adidas	generic	sneaker	A video of an Adidas sneaker.	A video of a sneaker.
Adidas	rival	Nike sneaker	A video of an Adidas sneaker.	A video of a Nike sneaker.
Louis Vuitton	null	NONE	A video of a Louis Vuitton handbag.	NONE
Louis Vuitton	generic	handbag	A video of a Louis Vuitton handbag.	A video of a handbag.
Louis Vuitton	rival	Gucci handbag	A video of a Louis Vuitton handbag.	A video of a Gucci handbag.
Gucci	null	NONE	A video of a Gucci handbag.	NONE
Gucci	generic	handbag	A video of a Gucci handbag.	A video of a handbag.
Gucci	rival	Louis Vuitton handbag	A video of a Gucci handbag.	A video of a Louis Vuitton handbag.
Ferrari	null	NONE	A video of a Ferrari sports car.	NONE
Ferrari	generic	sports car	A video of a Ferrari sports car.	A video of a sports car.
Ferrari	rival	Porsche sports car	A video of a Ferrari sports car.	A video of a Porsche sports car.
Porsche	null	NONE	A video of a Porsche sports car.	NONE
Porsche	generic	sports car	A video of a Porsche sports car.	A video of a sports car.
Porsche	rival	Ferrari sports car	A video of a Porsche sports car.	A video of a Ferrari sports car.
Apple	null	NONE	A video of Apple headphones.	NONE
Apple	generic	headphones	A video of Apple headphones.	A video of headphones.
Apple	rival	Sony headphones	A video of Apple headphones.	A video of Sony headphones.
Sony	null	NONE	A video of Sony headphones.	NONE
Sony	generic	headphones	A video of Sony headphones.	A video of headphones.
Sony	rival	Apple headphones	A video of Sony headphones.	A video of Apple headphones.
Starbucks	null	NONE	A video of a Starbucks cup.	NONE
Starbucks	generic	paper coffee cup	A video of a Starbucks cup.	A video of a paper coffee cup.
Starbucks	rival	Coca-Cola paper coffee cup	A video of a Starbucks cup.	A video of a Coca-Cola can.
Coca-Cola	null	NONE	A video of a Coca-Cola can.	NONE
Coca-Cola	generic	soda can	A video of a Coca-Cola can.	A video of a soda can.
Coca-Cola	rival	Starbucks soda can	A video of a Coca-Cola can.	A video of a Starbucks cup.
