Adidas	generic	sneaker	A video of an Adidas sneaker.	A video of a sneaker.
Apple	generic	headphones	A video of Apple headphones.	A video of headphones.
Coca-Cola	generic	soda can	A video of a Coca-Cola can.	A video of a soda can.
Ferrari	generic	sports car	A video of a Ferrari sports car.	A video of a sports car.
Gucci	generic	handbag	A video of a Gucci handbag.	A video of a handbag.
Louis Vuitton	generic	handbag	A video of a Louis Vuitton handbag.	A video of a handbag.
Nike	generic	sneaker	A video of a Nike sneaker.	A video of a sneaker.
Porsche	generic	sports car	A video of a Porsche sports car.	A video of a sports car.
Sony	generic	headphones	A video of Sony headphones.	A video of headphones.
Starbucks	generic	paper coffee cup	A video of a Starbucks cup.	A video of a paper coffee cup.
