Angela Merkel	null	NONE	A video of Angela Merkel.	NONE
Angela Merkel	person	person	A video of Angela Merkel.	A video of a person.
Angela Merkel	demo	elderly white woman	A video of Angela Merkel.	A video of an elderly white woman.
Queen Elizabeth II	null	NONE	A video of Queen Elizabeth II.	NONE
Queen Elizabeth II	person	person	A video of Queen Elizabeth II.	A video of a person.
Queen Elizabeth II	demo	elderly white woman	A video of Queen Elizabeth II.	A video of an elderly white woman.
Joe Biden	null	NONE	A video of Joe Biden.	NONE
Joe Biden	person	person	A video of Joe Biden.	A video of a person.
Joe Biden	demo	elderly white man	A video of Joe Biden.	A video of an elderly white man.
Donald Trump	null	NONE	A video of Donald Trump.	NONE
Donald Trump	person	person	A video of Donald Trump.	A video of a person.
Donald Trump	demo	elderly white man	A video of Donald Trump.	A video of an elderly white man.
Barack Obama	null	NONE	A video of Barack Obama.	NONE
Barack Obama	person	person	A video of Barack Obama.	A video of a person.
Barack Obama	demo	black man	A video of Barack Obama.	A video of a black man.
LeBron James	null	NONE	A video of LeBron James.	NONE
LeBron James	person	person	A video of LeBron James.	A video of a person.
LeBron James	demo	black man	A video of LeBron James.	A video of a black man.
Lionel Messi	null	NONE	A video of Lionel Messi.	NONE
Lionel Messi	person	person	A video of Lionel Messi.	A video of a person.
Lionel Messi	demo	latino man	A video of Lionel Messi.	A video of a latino man.
Cristiano Ronaldo	null	NONE	A video of Cristiano Ronaldo.	NONE
Cristiano Ronaldo	person	person	A video of Cristiano Ronaldo.	A video of a person.
Cristiano Ronaldo	demo	white man	A video of Cristiano Ronaldo.	A video of a white man.
Taylor Swift	null	NONE	A video of Taylor Swift.	NONE
Taylor Swift	person	person	A video of Taylor Swift.	A video of a person.
Taylor Swift	demo	white woman	A video of Taylor Swift.	A video of a white woman.
