Ryan Gosling	demo	white man	A video of Ryan Gosling.	A video of a white man.
Anne Hathaway	demo	white woman	A video of Anne Hathaway.	A video of a white woman.
Natalie Portman	demo	white woman	A video of Natalie Portman.	A video of a white woman.
Meryl Streep	demo	elderly white woman	A video of Meryl Streep.	A video of an elderly white woman.
Will Smith	demo	black man	A video of Will Smith.	A video of a black man.
Nicki Minaj	demo	black woman	A video of Nicki Minaj.	A video of a black woman.
Ariana Grande	demo	white woman	A video of Ariana Grande.	A video of a white woman.
Lana Del Rey	demo	white woman	A video of Lana Del Rey.	A video of a white woman.
Jennifer Lopez	demo	latina woman	A video of Jennifer Lopez.	A video of a latina woman.
Drake	demo	black man	A video of Drake.	A video of a black man.
Steve Jobs	demo	white man	A video of Steve Jobs.	A video of a white man.
